<annotation>
	<folder>SytheticDataAuto</folder>
	<filename>005262.jpg</filename>
	<source>
		<database>SyntheticData</database>
		</source>
	<size>
		<width>640</width>
		<height>640</height>
		<depth>3</depth>
	</size>
		<object>
		<name>damage</name>
		<pose>Unspecified</pose>
		<truncated>1</truncated>
		<difficult>0</difficult>
		<bndbox>
			<xmin>100</xmin>
			<ymin>100</ymin>
			<xmax>293</xmax>
			<ymax>378</ymax>
		</bndbox>
	</object>
<segmented>0</segmented></annotation>