<annotation>
	<folder>SytheticDataAuto</folder>
	<filename>006890.jpg</filename>
	<source>
		<database>SyntheticData</database>
		</source>
	<size>
		<width>640</width>
		<height>640</height>
		<depth>3</depth>
	</size>
	<object>
		<name>damage</name>
		<pose>Unspecified</pose>
		<truncated>1</truncated>
		<difficult>0</difficult>
		<bndbox>
			<xmin>450</xmin>
			<ymin>300</ymin>
			<xmax>559</xmax>
			<ymax>514</ymax>
		</bndbox>
	</object>
	<object>
		<name>damage</name>
		<pose>Unspecified</pose>
		<truncated>1</truncated>
		<difficult>0</difficult>
		<bndbox>
			<xmin>300</xmin>
			<ymin>450</ymin>
			<xmax>353</xmax>
			<ymax>511</ymax>
		</bndbox>
	</object>
<segmented>0</segmented></annotation>