<annotation>
	<folder>SytheticDataAuto</folder>
	<filename>007055.jpg</filename>
	<source>
		<database>SyntheticData</database>
		</source>
	<size>
		<width>640</width>
		<height>640</height>
		<depth>3</depth>
	</size>
	<object>
		<name>damage</name>
		<pose>Unspecified</pose>
		<truncated>1</truncated>
		<difficult>0</difficult>
		<bndbox>
			<xmin>300</xmin>
			<ymin>450</ymin>
			<xmax>360</xmax>
			<ymax>547</ymax>
		</bndbox>
	</object>
<segmented>0</segmented></annotation>