<annotation>
	<folder>validation</folder>
	<filename>011489.jpg</filename>
	<source>
		<database>damcrack</database>
		</source>
	<size>
		<width>640</width>
		<height>640</height>
		<depth>3</depth>
	</size>
	<object>
		<name>damage</name>
		<pose>Unspecified</pose>
		<truncated>1</truncated>
		<difficult>0</difficult>
		<bndbox>
			<xmin>182</xmin>
			<ymin>450</ymin>
			<xmax>640</xmax>
			<ymax>496</ymax>
		</bndbox>
	</object>
	<object>
		<name>damage</name>
		<pose>Unspecified</pose>
		<truncated>1</truncated>
		<difficult>0</difficult>
		<bndbox>
			<xmin>287</xmin>
			<ymin>150</ymin>
			<xmax>640</xmax>
			<ymax>210</ymax>
		</bndbox>
	</object>
<segmented>0</segmented></annotation>