<annotation>
	<folder>validation</folder>
	<filename>012416.jpg</filename>
	<source>
		<database>damcrack</database>
		</source>
	<size>
		<width>640</width>
		<height>640</height>
		<depth>3</depth>
	</size>
	<object>
		<name>damage</name>
		<pose>Unspecified</pose>
		<truncated>1</truncated>
		<difficult>0</difficult>
		<bndbox>
			<xmin>300</xmin>
			<ymin>450</ymin>
			<xmax>367</xmax>
			<ymax>638</ymax>
		</bndbox>
	</object>
	<object>
		<name>damage</name>
		<pose>Unspecified</pose>
		<truncated>1</truncated>
		<difficult>0</difficult>
		<bndbox>
			<xmin>300</xmin>
			<ymin>388</ymin>
			<xmax>345</xmax>
			<ymax>640</ymax>
		</bndbox>
	</object>
<segmented>0</segmented></annotation>