<annotation>
	<folder>ModifiedSimulatedDataset</folder>
	<filename>000005.jpg</filename>
	<source>
		<database>SyntheticData</database>
		</source>
	<size>
		<width>640</width>
		<height>640</height>
		<depth>3</depth>
	</size>
	<object>
		<name>damage</name>
		<pose>Unspecified</pose>
		<truncated>1</truncated>
		<difficult>0</difficult>
		<bndbox>
			<xmin>237</xmin>
			<ymin>215</ymin>
			<xmax>291</xmax>
			<ymax>286</ymax>
		</bndbox>
	</object>
	<object>
		<name>damage</name>
		<pose>Unspecified</pose>
		<truncated>1</truncated>
		<difficult>0</difficult>
		<bndbox>
			<xmin>208</xmin>
			<ymin>43</ymin>
			<xmax>294</xmax>
			<ymax>106</ymax>
		</bndbox>
	</object>
<segmented>0</segmented></annotation>