<annotation>
	<folder>ModifiedSimulatedDataset</folder>
	<filename>000002.jpg</filename>
	<source>
		<database>SyntheticData</database>
		</source>
	<size>
		<width>640</width>
		<height>640</height>
		<depth>3</depth>
	</size>
	<object>
		<name>damage</name>
		<pose>Unspecified</pose>
		<truncated>1</truncated>
		<difficult>0</difficult>
		<bndbox>
			<xmin>0</xmin>
			<ymin>56</ymin>
			<xmax>59</xmax>
			<ymax>152</ymax>
		</bndbox>
	</object>
	<object>
		<name>damage</name>
		<pose>Unspecified</pose>
		<truncated>1</truncated>
		<difficult>0</difficult>
		<bndbox>
			<xmin>81</xmin>
			<ymin>28</ymin>
			<xmax>129</xmax>
			<ymax>116</ymax>
		</bndbox>
	</object>
<segmented>0</segmented></annotation>