<annotation>
	<folder>ModifiedSimulatedDataset</folder>
	<filename>000001.jpg</filename>
	<source>
		<database>SyntheticData</database>
		</source>
	<size>
		<width>640</width>
		<height>640</height>
		<depth>3</depth>
	</size>
	<object>
		<name>damage</name>
		<pose>Unspecified</pose>
		<truncated>1</truncated>
		<difficult>0</difficult>
		<bndbox>
			<xmin>134</xmin>
			<ymin>397</ymin>
			<xmax>172</xmax>
			<ymax>431</ymax>
		</bndbox>
	</object>
	<object>
		<name>damage</name>
		<pose>Unspecified</pose>
		<truncated>1</truncated>
		<difficult>0</difficult>
		<bndbox>
			<xmin>0</xmin>
			<ymin>233</ymin>
			<xmax>95</xmax>
			<ymax>339</ymax>
		</bndbox>
	</object>
<segmented>0</segmented></annotation>