<annotation>
	<folder>ModifiedSimulatedDataset</folder>
	<filename>000120.jpg</filename>
	<source>
		<database>SyntheticData</database>
		</source>
	<size>
		<width>640</width>
		<height>640</height>
		<depth>3</depth>
	</size>
	<object>
		<name>damage</name>
		<pose>Unspecified</pose>
		<truncated>1</truncated>
		<difficult>0</difficult>
		<bndbox>
			<xmin>288</xmin>
			<ymin>161</ymin>
			<xmax>409</xmax>
			<ymax>310</ymax>
		</bndbox>
	</object>
<segmented>0</segmented></annotation>