<annotation>
	<folder>ModifiedSimulatedDataset</folder>
	<filename>000281.jpg</filename>
	<source>
		<database>SyntheticData</database>
		</source>
	<size>
		<width>640</width>
		<height>640</height>
		<depth>3</depth>
	</size>
		<object>
		<name>damage</name>
		<pose>Unspecified</pose>
		<truncated>1</truncated>
		<difficult>0</difficult>
		<bndbox>
			<xmin>366</xmin>
			<ymin>621</ymin>
			<xmax>437</xmax>
			<ymax>640</ymax>
		</bndbox>
	</object>
	<object>
		<name>damage</name>
		<pose>Unspecified</pose>
		<truncated>1</truncated>
		<difficult>0</difficult>
		<bndbox>
			<xmin>456</xmin>
			<ymin>619</ymin>
			<xmax>607</xmax>
			<ymax>640</ymax>
		</bndbox>
	</object>
	<object>
		<name>damage</name>
		<pose>Unspecified</pose>
		<truncated>1</truncated>
		<difficult>0</difficult>
		<bndbox>
			<xmin>383</xmin>
			<ymin>135</ymin>
			<xmax>476</xmax>
			<ymax>211</ymax>
		</bndbox>
	</object>
<segmented>0</segmented></annotation>