<annotation>
	<folder>ModifiedSimulatedDataset</folder>
	<filename>000282.jpg</filename>
	<source>
		<database>SyntheticData</database>
		</source>
	<size>
		<width>640</width>
		<height>640</height>
		<depth>3</depth>
	</size>
		<object>
		<name>damage</name>
		<pose>Unspecified</pose>
		<truncated>1</truncated>
		<difficult>0</difficult>
		<bndbox>
			<xmin>153</xmin>
			<ymin>310</ymin>
			<xmax>209</xmax>
			<ymax>364</ymax>
		</bndbox>
	</object>
	<object>
		<name>damage</name>
		<pose>Unspecified</pose>
		<truncated>1</truncated>
		<difficult>0</difficult>
		<bndbox>
			<xmin>359</xmin>
			<ymin>212</ymin>
			<xmax>400</xmax>
			<ymax>283</ymax>
		</bndbox>
	</object>
<segmented>0</segmented></annotation>