<annotation>
	<folder>ModifiedSimulatedDataset</folder>
	<filename>000422.jpg</filename>
	<source>
		<database>SyntheticData</database>
		</source>
	<size>
		<width>640</width>
		<height>640</height>
		<depth>3</depth>
	</size>
		<object>
		<name>damage</name>
		<pose>Unspecified</pose>
		<truncated>1</truncated>
		<difficult>0</difficult>
		<bndbox>
			<xmin>558</xmin>
			<ymin>570</ymin>
			<xmax>630</xmax>
			<ymax>611</ymax>
		</bndbox>
	</object>
	<object>
		<name>damage</name>
		<pose>Unspecified</pose>
		<truncated>1</truncated>
		<difficult>0</difficult>
		<bndbox>
			<xmin>0</xmin>
			<ymin>321</ymin>
			<xmax>43</xmax>
			<ymax>364</ymax>
		</bndbox>
	</object>
<segmented>0</segmented></annotation>