<annotation>
	<folder>ModifiedSimulatedDataset</folder>
	<filename>000421.jpg</filename>
	<source>
		<database>SyntheticData</database>
		</source>
	<size>
		<width>640</width>
		<height>640</height>
		<depth>3</depth>
	</size>
		<object>
		<name>damage</name>
		<pose>Unspecified</pose>
		<truncated>1</truncated>
		<difficult>0</difficult>
		<bndbox>
			<xmin>225</xmin>
			<ymin>542</ymin>
			<xmax>281</xmax>
			<ymax>584</ymax>
		</bndbox>
	</object>
	<object>
		<name>damage</name>
		<pose>Unspecified</pose>
		<truncated>1</truncated>
		<difficult>0</difficult>
		<bndbox>
			<xmin>606</xmin>
			<ymin>339</ymin>
			<xmax>640</xmax>
			<ymax>417</ymax>
		</bndbox>
	</object>
<segmented>0</segmented></annotation>