<annotation>
	<folder>ModifiedSimulatedDataset</folder>
	<filename>000896.jpg</filename>
	<source>
		<database>SyntheticData</database>
		</source>
	<size>
		<width>640</width>
		<height>640</height>
		<depth>3</depth>
	</size>
		<object>
		<name>damage</name>
		<pose>Unspecified</pose>
		<truncated>1</truncated>
		<difficult>0</difficult>
		<bndbox>
			<xmin>107</xmin>
			<ymin>416</ymin>
			<xmax>158</xmax>
			<ymax>476</ymax>
		</bndbox>
	</object>
<segmented>0</segmented></annotation>