<annotation>
	<folder>ModifiedSimulatedDataset</folder>
	<filename>001985.jpg</filename>
	<source>
		<database>SyntheticData</database>
		</source>
	<size>
		<width>640</width>
		<height>640</height>
		<depth>3</depth>
	</size>
	<object>
		<name>damage</name>
		<pose>Unspecified</pose>
		<truncated>1</truncated>
		<difficult>0</difficult>
		<bndbox>
			<xmin>573</xmin>
			<ymin>461</ymin>
			<xmax>640</xmax>
			<ymax>574</ymax>
		</bndbox>
	</object>
	<object>
		<name>damage</name>
		<pose>Unspecified</pose>
		<truncated>1</truncated>
		<difficult>0</difficult>
		<bndbox>
			<xmin>215</xmin>
			<ymin>103</ymin>
			<xmax>258</xmax>
			<ymax>241</ymax>
		</bndbox>
	</object>
<segmented>0</segmented></annotation>