<annotation>
	<folder>ModifiedSimulatedDataset</folder>
	<filename>001997.jpg</filename>
	<source>
		<database>SyntheticData</database>
		</source>
	<size>
		<width>640</width>
		<height>640</height>
		<depth>3</depth>
	</size>
	<object>
		<name>damage</name>
		<pose>Unspecified</pose>
		<truncated>1</truncated>
		<difficult>0</difficult>
		<bndbox>
			<xmin>629</xmin>
			<ymin>201</ymin>
			<xmax>640</xmax>
			<ymax>232</ymax>
		</bndbox>
	</object>
	<object>
		<name>damage</name>
		<pose>Unspecified</pose>
		<truncated>1</truncated>
		<difficult>0</difficult>
		<bndbox>
			<xmin>238</xmin>
			<ymin>0</ymin>
			<xmax>423</xmax>
			<ymax>48</ymax>
		</bndbox>
	</object>
<segmented>0</segmented></annotation>