<annotation>
	<folder>ModifiedSimulatedDataset</folder>
	<filename>002155.jpg</filename>
	<source>
		<database>SyntheticData</database>
		</source>
	<size>
		<width>640</width>
		<height>640</height>
		<depth>3</depth>
	</size>
	<object>
		<name>damage</name>
		<pose>Unspecified</pose>
		<truncated>1</truncated>
		<difficult>0</difficult>
		<bndbox>
			<xmin>87</xmin>
			<ymin>576</ymin>
			<xmax>162</xmax>
			<ymax>640</ymax>
		</bndbox>
	</object>
	<object>
		<name>damage</name>
		<pose>Unspecified</pose>
		<truncated>1</truncated>
		<difficult>0</difficult>
		<bndbox>
			<xmin>324</xmin>
			<ymin>556</ymin>
			<xmax>374</xmax>
			<ymax>590</ymax>
		</bndbox>
	</object>
<segmented>0</segmented></annotation>