<annotation>
	<folder>ModifiedSimulatedDataset</folder>
	<filename>002426.jpg</filename>
	<source>
		<database>SyntheticData</database>
		</source>
	<size>
		<width>640</width>
		<height>640</height>
		<depth>3</depth>
	</size>
	<object>
		<name>damage</name>
		<pose>Unspecified</pose>
		<truncated>1</truncated>
		<difficult>0</difficult>
		<bndbox>
			<xmin>154</xmin>
			<ymin>200</ymin>
			<xmax>188</xmax>
			<ymax>523</ymax>
		</bndbox>
	</object>
	<object>
		<name>damage</name>
		<pose>Unspecified</pose>
		<truncated>1</truncated>
		<difficult>0</difficult>
		<bndbox>
			<xmin>326</xmin>
			<ymin>74</ymin>
			<xmax>510</xmax>
			<ymax>253</ymax>
		</bndbox>
	</object>
<segmented>0</segmented></annotation>