<annotation>
	<folder>ModifiedSimulatedDataset</folder>
	<filename>002512.jpg</filename>
	<source>
		<database>SyntheticData</database>
		</source>
	<size>
		<width>640</width>
		<height>640</height>
		<depth>3</depth>
	</size>
	<object>
		<name>damage</name>
		<pose>Unspecified</pose>
		<truncated>1</truncated>
		<difficult>0</difficult>
		<bndbox>
			<xmin>14</xmin>
			<ymin>217</ymin>
			<xmax>212</xmax>
			<ymax>295</ymax>
		</bndbox>
	</object>
	<object>
		<name>damage</name>
		<pose>Unspecified</pose>
		<truncated>1</truncated>
		<difficult>0</difficult>
		<bndbox>
			<xmin>433</xmin>
			<ymin>109</ymin>
			<xmax>529</xmax>
			<ymax>321</ymax>
		</bndbox>
	</object>
<segmented>0</segmented></annotation>