<annotation>
	<folder>SimulatedDataset</folder>
	<filename>002686.jpg</filename>
	<path>/home/jiaxu/Documents/YOLOX-main/prepare_detection_dataset-1.0/prepare_detection_dataset-1.0/unitydamage/VOCdevkit/VOC2007/JPEGImages/unitydamage125.jpg</path>
	<source>
		<database>SyntheticData</database>
	</source>
	<size>
		<width>640</width>
		<height>640</height>
		<depth>3</depth>
	</size>
	<object>
		<name>damage</name>
		<pose>Unspecified</pose>
		<truncated>0</truncated>
		<difficult>0</difficult>
		<bndbox>
			<xmin>574</xmin>
			<ymin>313</ymin>
			<xmax>639</xmax>
			<ymax>414</ymax>
		</bndbox>
	</object>
<segmented>0</segmented></annotation>