<annotation>
	<folder>SimulatedDataset</folder>
	<filename>002824.jpg</filename>
	<path>/home/jiaxu/Documents/unet-pytorch-main/unet-pytorch-main/prepare_detection_dataset-1.0/unitydamage/VOCdevkit/VOC2007/JPEGImages/unitydamage263.jpg</path>
	<source>
		<database>SyntheticData</database>
	</source>
	<size>
		<width>640</width>
		<height>640</height>
		<depth>3</depth>
	</size>
	<object>
		<name>damage</name>
		<pose>Unspecified</pose>
		<truncated>0</truncated>
		<difficult>0</difficult>
		<bndbox>
			<xmin>16</xmin>
			<ymin>368</ymin>
			<xmax>38</xmax>
			<ymax>395</ymax>
		</bndbox>
	</object>
	<object>
		<name>damage</name>
		<pose>Unspecified</pose>
		<truncated>1</truncated>
		<difficult>0</difficult>
		<bndbox>
			<xmin>603</xmin>
			<ymin>602</ymin>
			<xmax>622</xmax>
			<ymax>640</ymax>
		</bndbox>
	</object>
<segmented>0</segmented></annotation>