<annotation>
	<folder>SimulatedDataset</folder>
	<filename>003053.jpg</filename>
	<source>
		<database>SyntheticData</database>
		</source>
	<size>
		<width>640</width>
		<height>640</height>
		<depth>3</depth>
	</size>
		<object>
		<name>damage</name>
		<pose>Unspecified</pose>
		<truncated>1</truncated>
		<difficult>0</difficult>
		<bndbox>
			<xmin>375</xmin>
			<ymin>381</ymin>
			<xmax>410</xmax>
			<ymax>417</ymax>
		</bndbox>
	</object>
<segmented>0</segmented></annotation>