<annotation>
	<folder>SimulatedDataset</folder>
	<filename>003064.jpg</filename>
	<path>/home/jiaxu/Documents/unet-pytorch-main/unet-pytorch-main/prepare_detection_dataset-1.0/unitydamage/VOCdevkit/VOC2007/JPEGImages/unitydamage738.jpg</path>
	<source>
		<database>SyntheticData</database>
	</source>
	<size>
		<width>640</width>
		<height>640</height>
		<depth>3</depth>
	</size>
	<object>
		<name>damage</name>
		<pose>Unspecified</pose>
		<truncated>0</truncated>
		<difficult>0</difficult>
		<bndbox>
			<xmin>57</xmin>
			<ymin>122</ymin>
			<xmax>73</xmax>
			<ymax>155</ymax>
		</bndbox>
	</object>
	<object>
		<name>damage</name>
		<pose>Unspecified</pose>
		<truncated>0</truncated>
		<difficult>0</difficult>
		<bndbox>
			<xmin>493</xmin>
			<ymin>68</ymin>
			<xmax>523</xmax>
			<ymax>116</ymax>
		</bndbox>
	</object>
	<object>
		<name>damage</name>
		<pose>Unspecified</pose>
		<truncated>0</truncated>
		<difficult>0</difficult>
		<bndbox>
			<xmin>547</xmin>
			<ymin>596</ymin>
			<xmax>619</xmax>
			<ymax>639</ymax>
		</bndbox>
	</object>
	<object>
		<name>damage</name>
		<pose>Unspecified</pose>
		<truncated>0</truncated>
		<difficult>0</difficult>
		<bndbox>
			<xmin>53</xmin>
			<ymin>70</ymin>
			<xmax>82</xmax>
			<ymax>105</ymax>
		</bndbox>
	</object>
	<object>
		<name>damage</name>
		<pose>Unspecified</pose>
		<truncated>0</truncated>
		<difficult>0</difficult>
		<bndbox>
			<xmin>506</xmin>
			<ymin>448</ymin>
			<xmax>546</xmax>
			<ymax>498</ymax>
		</bndbox>
	</object>
	<object>
		<name>damage</name>
		<pose>Unspecified</pose>
		<truncated>0</truncated>
		<difficult>0</difficult>
		<bndbox>
			<xmin>315</xmin>
			<ymin>568</ymin>
			<xmax>390</xmax>
			<ymax>627</ymax>
		</bndbox>
	</object>
	<object>
		<name>damage</name>
		<pose>Unspecified</pose>
		<truncated>1</truncated>
		<difficult>0</difficult>
		<bndbox>
			<xmin>231</xmin>
			<ymin>598</ymin>
			<xmax>250</xmax>
			<ymax>640</ymax>
		</bndbox>
	</object>
	<object>
		<name>damage</name>
		<pose>Unspecified</pose>
		<truncated>0</truncated>
		<difficult>0</difficult>
		<bndbox>
			<xmin>147</xmin>
			<ymin>412</ymin>
			<xmax>166</xmax>
			<ymax>475</ymax>
		</bndbox>
	</object>
	<object>
		<name>damage</name>
		<pose>Unspecified</pose>
		<truncated>0</truncated>
		<difficult>0</difficult>
		<bndbox>
			<xmin>588</xmin>
			<ymin>133</ymin>
			<xmax>606</xmax>
			<ymax>148</ymax>
		</bndbox>
	</object>
<segmented>0</segmented></annotation>