<annotation>
	<folder>SimulatedDataset</folder>
	<filename>003107.jpg</filename>
	<path>/home/jiaxu/Documents/unet-pytorch-main/unet-pytorch-main/prepare_detection_dataset-1.0/unitydamage/VOCdevkit/VOC2007/JPEGImages/unitydamage780.jpg</path>
	<source>
		<database>SyntheticData</database>
	</source>
	<size>
		<width>640</width>
		<height>640</height>
		<depth>3</depth>
	</size>
	<object>
		<name>damage</name>
		<pose>Unspecified</pose>
		<truncated>0</truncated>
		<difficult>0</difficult>
		<bndbox>
			<xmin>233</xmin>
			<ymin>469</ymin>
			<xmax>278</xmax>
			<ymax>537</ymax>
		</bndbox>
	</object>
	<object>
		<name>damage</name>
		<pose>Unspecified</pose>
		<truncated>1</truncated>
		<difficult>0</difficult>
		<bndbox>
			<xmin>1</xmin>
			<ymin>509</ymin>
			<xmax>20</xmax>
			<ymax>614</ymax>
		</bndbox>
	</object>
	<object>
		<name>damage</name>
		<pose>Unspecified</pose>
		<truncated>0</truncated>
		<difficult>0</difficult>
		<bndbox>
			<xmin>225</xmin>
			<ymin>437</ymin>
			<xmax>235</xmax>
			<ymax>487</ymax>
		</bndbox>
	</object>
	<object>
		<name>damage</name>
		<pose>Unspecified</pose>
		<truncated>0</truncated>
		<difficult>0</difficult>
		<bndbox>
			<xmin>582</xmin>
			<ymin>451</ymin>
			<xmax>603</xmax>
			<ymax>519</ymax>
		</bndbox>
	</object>
	<object>
		<name>damage</name>
		<pose>Unspecified</pose>
		<truncated>0</truncated>
		<difficult>0</difficult>
		<bndbox>
			<xmin>271</xmin>
			<ymin>353</ymin>
			<xmax>304</xmax>
			<ymax>368</ymax>
		</bndbox>
	</object>
	<object>
		<name>damage</name>
		<pose>Unspecified</pose>
		<truncated>0</truncated>
		<difficult>0</difficult>
		<bndbox>
			<xmin>265</xmin>
			<ymin>184</ymin>
			<xmax>290</xmax>
			<ymax>230</ymax>
		</bndbox>
	</object>
	<object>
		<name>damage</name>
		<pose>Unspecified</pose>
		<truncated>1</truncated>
		<difficult>0</difficult>
		<bndbox>
			<xmin>1</xmin>
			<ymin>241</ymin>
			<xmax>12</xmax>
			<ymax>261</ymax>
		</bndbox>
	</object>
	<object>
		<name>damage</name>
		<pose>Unspecified</pose>
		<truncated>0</truncated>
		<difficult>0</difficult>
		<bndbox>
			<xmin>86</xmin>
			<ymin>190</ymin>
			<xmax>108</xmax>
			<ymax>198</ymax>
		</bndbox>
	</object>
<segmented>0</segmented></annotation>